{
    "accuracy": 0.661329531514207,
    "AUC": 0.6548181004035508
}{
    "accuracy": 0.6583265775432238,
    "AUC": 0.6471334180138852
}