{
    "accuracy": 0.6610663416682402,
    "AUC": 0.6537913684806715
}{
    "accuracy": 0.6421179799392773,
    "AUC": 0.6136340854143288
}