{
    "accuracy": 0.519330260932993,
    "AUC": 0.5275840857883408
}{
    "accuracy": 0.5090050708165763,
    "AUC": 0.5089116776317469
}