{
    "accuracy": 0.666120877969666,
    "AUC": 0.6550004939047751
}{
    "accuracy": 0.6412860904904969,
    "AUC": 0.6115531757142102
}