{
    "accuracy": 0.5827194058552435,
    "AUC": 0.5785702077688951
}{
    "accuracy": 0.6384460093150424,
    "AUC": 0.605076528023542
}