{
    "accuracy": 0.6611866071983465,
    "AUC": 0.6542005206234438
}{
    "accuracy": 0.641953721513085,
    "AUC": 0.613741014097709
}