{
    "accuracy": 0.7186638520313806,
    "AUC": 0.7074044120298426
}{
    "accuracy": 0.6123342182093712,
    "AUC": 0.5754317978155101
}