{
    "accuracy": 0.6458273929909486,
    "AUC": 0.6386060700499749
}{
    "accuracy": 0.6425842619233072,
    "AUC": 0.6128097738597347
}