{
    "accuracy": 0.6894179739041196,
    "AUC": 0.6714320553622064
}{
    "accuracy": 0.6312875211284024,
    "AUC": 0.5959375405093349
}