{
    "accuracy": 0.6612252449895264,
    "AUC": 0.6540786816814514
}{
    "accuracy": 0.6422822383654697,
    "AUC": 0.6138060766656466
}