{
    "accuracy": 0.7848063136333514,
    "AUC": 0.7822736254836968
}{
    "accuracy": 0.7665605946510554,
    "AUC": 0.7548751181136668
}