{
    "accuracy": 0.7848063136333514,
    "AUC": 0.7822738082112208
}{
    "accuracy": 0.7665605946510554,
    "AUC": 0.754875465999798
}