{
    "accuracy": 0.7848514970781373,
    "AUC": 0.7822391254280703
}{
    "accuracy": 0.7666820511574806,
    "AUC": 0.7549458718275663
}