{
    "accuracy": 0.7848847139197267,
    "AUC": 0.7823965068009223
}{
    "accuracy": 0.7666091772536254,
    "AUC": 0.7548913043065747
}