{
    "accuracy": 0.7719676664993753,
    "AUC": 0.7566472782460313
}{
    "accuracy": 0.7518400660723394,
    "AUC": 0.5427952013700288
}