{
    "accuracy": 0.7847969716443087,
    "AUC": 0.7821283121664313
}{
    "accuracy": 0.7664634294459154,
    "AUC": 0.7548593651971223
}