{
    "accuracy": 0.7847969716443087,
    "AUC": 0.7821282926099602
}{
    "accuracy": 0.7664634294459154,
    "AUC": 0.7548594379369498
}