{
    "accuracy": 0.7749522151864943,
    "AUC": 0.7623445572292428
}{
    "accuracy": 0.7518400660723394,
    "AUC": 0.5495290940587196
}