{
    "accuracy": 0.7848847139197267,
    "AUC": 0.7823964451819976
}{
    "accuracy": 0.7666091772536254,
    "AUC": 0.7548908931684195
}