{
    "accuracy": 0.7848514970781373,
    "AUC": 0.7822392378578764
}{
    "accuracy": 0.7666820511574806,
    "AUC": 0.7549456314698756
}