{
    "accuracy": 0.7796986620252219,
    "AUC": 0.7731984612082812
}{
    "accuracy": 0.7518400660723394,
    "AUC": 0.5613791867874517
}