{
    "accuracy": 0.661329531514207,
    "AUC": 0.6548181003809992
}