{
    "accuracy": 0.6583265775432238,
    "AUC": 0.6471334177728806
}