{
    "accuracy": 0.7666091772536254,
    "AUC": 0.7548917597211465
}