{
    "accuracy": 0.7848847139197267,
    "AUC": 0.7823967224671586
}