{
    "accuracy": 0.5385323720465415,
    "AUC": 0.555392409958225
}{
    "accuracy": 0.546899070006276,
    "AUC": 0.5272489595346123
}