{
    "accuracy": 0.690621291122698,
    "AUC": 0.662337269841947
}{
    "accuracy": 0.635305528612997,
    "AUC": 0.5766652000615922
}