{
    "accuracy": 0.6746913755025766,
    "AUC": 0.6553459328293241
}{
    "accuracy": 0.6321960403948195,
    "AUC": 0.5706769224201637
}