{
    "accuracy": 0.6750660289813691,
    "AUC": 0.6571081271052979
}{
    "accuracy": 0.6316540195127518,
    "AUC": 0.5677790841269441
}