{
    "accuracy": 0.7044140780471163,
    "AUC": 0.672899585336243
}{
    "accuracy": 0.6350773092942318,
    "AUC": 0.5754828452442952
}