{
    "accuracy": 0.5916625026768506,
    "AUC": 0.5878913933791925
}{
    "accuracy": 0.6316540195127518,
    "AUC": 0.5600987195914048
}