{
    "accuracy": 0.6736193293885602,
    "AUC": 0.654286719884657
}{
    "accuracy": 0.6328236435214241,
    "AUC": 0.5723573514289385
}