{
    "accuracy": 0.6769323074751182,
    "AUC": 0.656781140348341
}{
    "accuracy": 0.6324242597135847,
    "AUC": 0.5709794301391646
}