{
    "accuracy": 0.5916625026768506,
    "AUC": 0.5878913777642003
}{
    "accuracy": 0.6316540195127518,
    "AUC": 0.5600990358089094
}