{
    "accuracy": 0.6585337997001928,
    "AUC": 0.6417673588476587
}{
    "accuracy": 0.6307411422376904,
    "AUC": 0.5655229916916487
}