{
    "accuracy": 0.6736193293885602,
    "AUC": 0.6542867240060939
}{
    "accuracy": 0.6328236435214241,
    "AUC": 0.5723573514289385
}