{
    "accuracy": 0.6750190953067979,
    "AUC": 0.6553193464814349
}{
    "accuracy": 0.6322816226393564,
    "AUC": 0.5711781658137431
}