{
    "accuracy": 0.688507061197041,
    "AUC": 0.6608845518730224
}{
    "accuracy": 0.6349346722200034,
    "AUC": 0.5766568765141658
}