{
    "accuracy": 0.7004043394400764,
    "AUC": 0.6707421130501354
}{
    "accuracy": 0.6340503223597878,
    "AUC": 0.575113777254106
}