{
    "accuracy": 0.6765518850251313,
    "AUC": 0.65655614259601
}{
    "accuracy": 0.6323101500542021,
    "AUC": 0.5708257730266293
}