{
    "accuracy": 0.5385323720465415,
    "AUC": 0.5553923999709545
}{
    "accuracy": 0.546899070006276,
    "AUC": 0.5272491633192262
}