{
    "accuracy": 0.6746913755025766,
    "AUC": 0.6553459343626467
}{
    "accuracy": 0.6321960403948195,
    "AUC": 0.5706766659326321
}