{
    "accuracy": 0.7748331189907527,
    "AUC": 0.7473729247424634
}{
    "accuracy": 0.7276524644945698,
    "AUC": 0.7120510017611492
}