{
    "accuracy": 0.7854337335877006,
    "AUC": 0.7727231903810968
}{
    "accuracy": 0.7702589807852965,
    "AUC": 0.788755368925881
}