{
    "accuracy": 0.7854235316921884,
    "AUC": 0.7726957606598238
}{
    "accuracy": 0.7703267176951387,
    "AUC": 0.7887415002544107
}