{
    "accuracy": 0.7854286326399444,
    "AUC": 0.7727820137529038
}{
    "accuracy": 0.7702815597552439,
    "AUC": 0.7887166458956926
}