{
    "accuracy": 0.7832639271643497,
    "AUC": 0.7657072746301494
}{
    "accuracy": 0.7709137709137709,
    "AUC": 0.7856246933668096
}