{
    "accuracy": 0.777435850327638,
    "AUC": 0.752558400829427
}{
    "accuracy": 0.7565535460272302,
    "AUC": 0.7621920252104326
}