{
    "accuracy": 0.7854839038928695,
    "AUC": 0.7729319750444271
}{
    "accuracy": 0.7703041387251913,
    "AUC": 0.7886947959100064
}