{
    "accuracy": 0.6769323074751182,
    "AUC": 0.6567811289711009
}{
    "accuracy": 0.6429074801167824,
    "AUC": 0.6028515067261394
}