{
    "accuracy": 0.661329531514207,
    "AUC": 0.6548180609306038
}{
    "accuracy": 0.6583265775432238,
    "AUC": 0.6471335171872814
}