{
    "accuracy": 0.7044140780471163,
    "AUC": 0.6728995277436712
}{
    "accuracy": 0.6359556396276103,
    "AUC": 0.5913805950186428
}