{
    "accuracy": 0.690621291122698,
    "AUC": 0.6623372900636058
}{
    "accuracy": 0.6399561271042299,
    "AUC": 0.5969717562321075
}